Country,Primary_Hub,Visa_Route,Salary_Threshold,Friction_Rank,Income_Tax,Relevance_To_Profile,What_To_Prepare_Now,Research_Status,Source
UAE,Dubai / Abu Dhabi,"Employer-sponsored MOHRE work permit; Green Visa (self-sponsored, 5 yr); Golden Visa (10 yr)","No general salary floor on the standard permit. Green Visa needs AED 15,000/month (approx AED 180,000/yr).",1 - Very low,0%,"Strongest match. Deep institutional residential and commercial portfolios; leasing, pricing and asset strategy are live disciplines. No points test.","Get degree certificates attested (MEA India + UAE embassy) - this is the long pole and is needed for any offer. Refresh passport validity to 2+ yrs. Build a Gulf-format CV (photo, nationality, visa status).",Confirmed,https://www.kayrouzandassociates.com/insights/uae-work-visa-guide-indian-citizens-2026
Qatar,Doha,"Employer-sponsored work permit, then medical, biometrics and QID residence permit on arrival",No published general floor; set by employer and contract.,2 - Low,0%,"Smaller and more state-linked than the UAE. Real depth at QIA, Qatari Diar and Barwa, but far fewer employers.",Same attestation pack as UAE (MEA + Qatar embassy). Police clearance certificate. Expect medical on arrival.,Confirmed,https://www.gulfvisahub.org/guides/qatar-work-visa-process-step-by-step
Mauritius,Port Louis / Ebene,Occupation Permit (Professional category) - combined work and residence permit,"Professional-category salary floor NOT confirmed in this research - verify before relying on it. Investor route needs USD 100,000; self-employed USD 50,000.",2 - Low,Low (15% flat),"Underrated for this profile. A major domicile for India-focused funds, and fund administration is an explicitly listed sector - his waterfall and distributions experience is directly on-market.",Verify the Professional-category salary floor with the Economic Development Board before acting. Budget 2026-27 restructured the categories and abolished the Family Occupation Permit.,VERIFY salary floor,https://www.sunibel.com/mauritius-occupation-permit/
Ireland,Dublin,Critical Skills Employment Permit (CSEP),"EUR 40,904 from 1 March 2026 if the occupation is on the Critical Skills Occupation List and you hold a relevant degree; EUR 68,911 if not on the list but not ineligible.",3 - Low to medium,Progressive,Europe's fund administration capital and English-speaking. Strong fit for the fund-mechanics half of the profile.,"CONFIRM whether the specific finance occupation sits on the Critical Skills Occupation List - this research did not establish that, and it decides which threshold applies. Get the degree recognised via NARIC Ireland.",VERIFY occupation list,https://enterprise.gov.ie/en/what-we-do/workplace-and-skills/employment-permits/permit-types/critical-skills-employment-permit/
Netherlands,Amsterdam,Highly Skilled Migrant permit (employer must be an IND-recognised sponsor),"EUR 5,942 gross/month for age 30 and above; EUR 4,357 for under 30 (from 1 January 2026).",3 - Low to medium,Progressive; 30% ruling may apply,"Real estate investment and pension-capital hub. Employer must already be a recognised sponsor, which narrows the field but speeds up those that are.",Filter target employers by IND recognised-sponsor status before applying - it is a public register. Apostille degree certificates.,Confirmed,https://www.jobbatical.com/blog/netherlands-highly-skilled-migrant-salary-thresholds-2026
Germany,Frankfurt,EU Blue Card,"EUR 50,700 gross/year standard; EUR 45,934 for shortage occupations and recent graduates.",4 - Medium,Progressive,"Frankfurt is a real fund and banking centre, but German-language expectations are real outside global institutions.","Degree must be recognised in the ANABIN database - check yours before applying, as a non-listed degree blocks the route.",Confirmed,https://www.findenglish.de/blog/eu-blue-card-germany-2026-requirements-salary-threshold-how-to-apply
Luxembourg,Luxembourg City,EU Blue Card,"EUR 65,652 from 3 March 2026; EUR 47,174 for shortage occupations.",4 - Medium,Progressive,"Disproportionately relevant: a leading domicile for real estate and private equity fund structures, and Fund Administrator is a listed skilled occupation. The waterfall and distributions experience is the product here.","Target the shortage-occupation threshold if fund administration qualifies - it is a EUR 18,000 difference. Note real estate investment does NOT earn residency here.",Confirmed,https://guichet.public.lu/en/citoyens/immigration/plus-3-mois/ressortissant-tiers/hautement-qualifie/salarie-hautement-qualifie.html
Australia,Sydney / Melbourne,Skills in Demand visa (subclass 482) - Core Skills or Specialist Skills stream,"Core Skills: AUD 79,499/yr from 1 July 2026, and the occupation must be on the Core Skills Occupation List. Specialist Skills: AUD 146,717/yr, with NO occupation-list requirement.",4 - Medium,Progressive,"The Specialist Skills stream is the interesting one - at that salary the occupation list stops mattering, which suits a senior finance hire.","Check whether the target occupation is on the CSOL (456 occupations). If not, the Specialist Skills salary is the route. Skills assessment may be required depending on occupation.",Confirmed,https://immi.homeaffairs.gov.au/visas/working-in-australia/skill-occupation-list
New Zealand,Auckland,Accredited Employer Work Visa (AEWV),General median-wage requirement was removed in March 2025. Median wage is NZD 35.00/hr from 9 March 2026 and still governs partner-support and some settings.,4 - Medium,Progressive,Smallest market on this list by some distance. Genuine but thin for institutional real assets.,Employer must already hold Immigration NZ accreditation - verify that before investing time. Need 2 years relevant experience or a level 4+ qualification.,Confirmed,https://www.fragomen.com/insights/new-zealand-median-wage-increased-for-aevw-program-and-aewv-linked-visas.html
Singapore,Singapore,Employment Pass (EP) + COMPASS points framework,"Financial services: SGD 6,200/month minimum, rising with age to SGD 11,800 at 45+. Rises to SGD 6,600 from 1 January 2027. Must also score 40 points on COMPASS. Exempt from COMPASS above SGD 22,500/month.",6 - High,Progressive,"Asia's REIT capital and an excellent professional fit - but the visa is the constraint, not the market. COMPASS scores employer-side diversity and local-hiring ratios, so sponsorship willingness varies sharply by firm.",Target large institutions with established sponsorship track records. Ask about COMPASS score early in any process - a firm that cannot clear 40 points cannot hire you regardless of fit.,Confirmed,https://www.mom.gov.sg/passes-and-permits/employment-pass/eligibility
United Kingdom,London,Skilled Worker visa,"GBP 38,700/yr general; GBP 41,500 for RQF 6+ roles from 8 April 2026, or the occupation going rate (50th ASHE percentile), whichever is higher.",6 - High,Progressive,"Deep market, but the most expensive and most restrictive route here. The Immigration Salary List is being phased out entirely by 31 December 2026.",Only pursue via employers with an existing sponsor licence and budget for it - sponsorship costs are substantial and rising. New payroll-period compliance rules took effect March 2026.,Confirmed,https://www.jobbatical.com/blog/uk-skilled-worker-visa-salary-threshold-employer-guide
South Africa,Johannesburg / Cape Town,Critical Skills Work Visa,"Points-based: 100 points required, awarded automatically if the exact job title appears on the Critical Skills List. Finance and accounting professions are included.",5 - Medium to high,Progressive,"Real REIT and property-fund market (Growthpoint, Redefine, Hyprop), but the administrative burden is the highest on this list.","Two blocking prerequisites: SAQA validation of foreign qualifications, and registration with a South African professional body (IOBSA for finance). Both take months - start now if this is of interest. Standard processing runs 6-12 months; the Trusted Employer Scheme can compress that to 2-4 weeks.",Confirmed,https://www.fragomen.com/insights/south-africa-guidelines-for-points-for-general-work-visa-and-critical-skills-work-visa-criteria-published.html
